"Chapter","Title","Phase","Level","Priority","Lab","StudyFile","ArchiveFile"
"1","第1章：ISP概述与发展历程","传统 ISP 与成像基础","入门","核心","lab01-raw与传感器身份契约.md","study_chapters/chapter01-第1章：ISP概述与发展历程.md","source_archive/chapter01-第1章：ISP概述与发展历程.md"
"2","第2章：CMOS图像传感器原理与技术","传统 ISP 与成像基础","入门","核心","lab01-raw与传感器身份契约.md","study_chapters/chapter02-第2章：CMOS图像传感器原理与技术.md","source_archive/chapter02-第2章：CMOS图像传感器原理与技术.md"
"3","第3章：图像传感器与ISP协同设计","传统 ISP 与成像基础","入门","核心","lab01-raw与传感器身份契约.md","study_chapters/chapter03-第3章：图像传感器与ISP协同设计.md","source_archive/chapter03-第3章：图像传感器与ISP协同设计.md"
"4","第4章：ISP前端处理：原始数据校正","传统 ISP 与成像基础","入门","核心","lab02-raw前端校正.md","study_chapters/chapter04-第4章：ISP前端处理：原始数据校正.md","source_archive/chapter04-第4章：ISP前端处理：原始数据校正.md"
"5","第5章：ISP前端处理：光学缺陷校正","传统 ISP 与成像基础","入门","核心","lab02-raw前端校正.md","study_chapters/chapter05-第5章：ISP前端处理：光学缺陷校正.md","source_archive/chapter05-第5章：ISP前端处理：光学缺陷校正.md"
"6","第6章：ISP前端处理：像素级处理","传统 ISP 与成像基础","入门 → 中级","核心","lab02-raw前端校正.md","study_chapters/chapter06-第6章：ISP前端处理：像素级处理.md","source_archive/chapter06-第6章：ISP前端处理：像素级处理.md"
"7","第7章：去马赛克技术深度解析","传统 ISP 与成像基础","入门 → 中级","核心","lab03-去马赛克与伪影.md","study_chapters/chapter07-第7章：去马赛克技术深度解析.md","source_archive/chapter07-第7章：去马赛克技术深度解析.md"
"8","第8章：ISP降噪技术全景","传统 ISP 与成像基础","入门 → 中级","核心","lab04-降噪与NLM.md","study_chapters/chapter08-第8章：ISP降噪技术全景.md","source_archive/chapter08-第8章：ISP降噪技术全景.md"
"9","第9章：NLM算法硬件实现专题","传统 ISP 与成像基础","入门 → 中级","核心","lab04-降噪与NLM.md","study_chapters/chapter09-第9章：NLM算法硬件实现专题.md","source_archive/chapter09-第9章：NLM算法硬件实现专题.md"
"10","第10章：色彩科学与ISP色彩处理","传统 ISP 与成像基础","入门 → 中级","核心","lab05-色彩与3A.md","study_chapters/chapter10-第10章：色彩科学与ISP色彩处理.md","source_archive/chapter10-第10章：色彩科学与ISP色彩处理.md"
"11","第11章：ISP硬件架构基础","硬件架构、HDR、计算摄影与 3A","入门 → 中级","核心","lab06-硬件数据流与定点.md","study_chapters/chapter11-第11章：ISP硬件架构基础.md","source_archive/chapter11-第11章：ISP硬件架构基础.md"
"12","第12章：ISP存储架构与数据流","硬件架构、HDR、计算摄影与 3A","入门 → 中级","核心","lab06-硬件数据流与定点.md","study_chapters/chapter12-第12章：ISP存储架构与数据流.md","source_archive/chapter12-第12章：ISP存储架构与数据流.md"
"13","第13章：ISP时序与功耗优化","硬件架构、HDR、计算摄影与 3A","入门 → 中级","核心","lab06-硬件数据流与定点.md","study_chapters/chapter13-第13章：ISP时序与功耗优化.md","source_archive/chapter13-第13章：ISP时序与功耗优化.md"
"14","第14章：HDR技术与ToneMapping","硬件架构、HDR、计算摄影与 3A","入门 → 中级","核心","lab07-HDR计算摄影与3A稳定性.md","study_chapters/chapter14-第14章：HDR技术与ToneMapping.md","source_archive/chapter14-第14章：HDR技术与ToneMapping.md"
"15","第15章：计算摄影与高级ISP功能","硬件架构、HDR、计算摄影与 3A","入门 → 中级","核心","lab07-HDR计算摄影与3A稳定性.md","study_chapters/chapter15-第15章：计算摄影与高级ISP功能.md","source_archive/chapter15-第15章：计算摄影与高级ISP功能.md"
"16","第16章：3A算法与ISP协同","硬件架构、HDR、计算摄影与 3A","入门 → 中级","核心","lab07-HDR计算摄影与3A稳定性.md","study_chapters/chapter16-第16章：3A算法与ISP协同.md","source_archive/chapter16-第16章：3A算法与ISP协同.md"
"17","第17章：高通SpectraISP架构深度剖析","产业平台与应用场景（选修）","中级/选修","选修/按方向","lab08-产业资料证据审计.md","study_chapters/chapter17-第17章：高通SpectraISP架构深度剖析.md","source_archive/chapter17-第17章：高通SpectraISP架构深度剖析.md"
"18","第18章：苹果ISP技术解密","产业平台与应用场景（选修）","中级/选修","选修/按方向","lab08-产业资料证据审计.md","study_chapters/chapter18-第18章：苹果ISP技术解密.md","source_archive/chapter18-第18章：苹果ISP技术解密.md"
"19","第19章：移动ISP竞争格局分析","产业平台与应用场景（选修）","中级/选修","选修/按方向","lab08-产业资料证据审计.md","study_chapters/chapter19-第19章：移动ISP竞争格局分析.md","source_archive/chapter19-第19章：移动ISP竞争格局分析.md"
"20","第20章：车载ISP架构基础","产业平台与应用场景（选修）","中级/选修","选修/按方向","lab08-产业资料证据审计.md","study_chapters/chapter20-第20章：车载ISP架构基础.md","source_archive/chapter20-第20章：车载ISP架构基础.md"
"21","第21章：主流车载ISP方案分析","产业平台与应用场景（选修）","中级/选修","选修/按方向","lab08-产业资料证据审计.md","study_chapters/chapter21-第21章：主流车载ISP方案分析.md","source_archive/chapter21-第21章：主流车载ISP方案分析.md"
"22","第22章：车载ISP特殊场景优化","产业平台与应用场景（选修）","中级/选修","选修/按方向","lab08-产业资料证据审计.md","study_chapters/chapter22-第22章：车载ISP特殊场景优化.md","source_archive/chapter22-第22章：车载ISP特殊场景优化.md"
"23","第23章：专业相机ISP核心技术","产业平台与应用场景（选修）","中级/选修","选修/按方向","lab08-产业资料证据审计.md","study_chapters/chapter23-第23章：专业相机ISP核心技术.md","source_archive/chapter23-第23章：专业相机ISP核心技术.md"
"24","第24章：中大画幅ISP设计挑战","产业平台与应用场景（选修）","中级/选修","选修/按方向","lab08-产业资料证据审计.md","study_chapters/chapter24-第24章：中大画幅ISP设计挑战.md","source_archive/chapter24-第24章：中大画幅ISP设计挑战.md"
"25","第25章：消费电子ISP特殊需求","产业平台与应用场景（选修）","中级/选修","选修/按方向","lab09-视频场景与系统指标.md","study_chapters/chapter25-第25章：消费电子ISP特殊需求.md","source_archive/chapter25-第25章：消费电子ISP特殊需求.md"
"26","第26章：安防监控ISP关键技术","产业平台与应用场景（选修）","中级/选修","选修/按方向","lab09-视频场景与系统指标.md","study_chapters/chapter26-第26章：安防监控ISP关键技术.md","source_archive/chapter26-第26章：安防监控ISP关键技术.md"
"27","第27章：视频ISP专门优化","产业平台与应用场景（选修）","中级/选修","选修/按方向","lab09-视频场景与系统指标.md","study_chapters/chapter27-第27章：视频ISP专门优化.md","source_archive/chapter27-第27章：视频ISP专门优化.md"
"28","第28章：AI-ISP融合架构","AI-ISP 与异构架构","中级 → 进阶","核心","lab10-AI-ISP训练与失败案例.md","study_chapters/chapter28-第28章：AI-ISP融合架构.md","source_archive/chapter28-第28章：AI-ISP融合架构.md"
"29","第29章：深度学习增强的ISP模块","AI-ISP 与异构架构","中级 → 进阶","核心","lab10-AI-ISP训练与失败案例.md","study_chapters/chapter29-第29章：深度学习增强的ISP模块.md","source_archive/chapter29-第29章：深度学习增强的ISP模块.md"
"30","第30章：ISP与GPU架构对比研究","AI-ISP 与异构架构","中级 → 进阶","选修/按方向","lab11-异构性能与编码协同.md","study_chapters/chapter30-第30章：ISP与GPU架构对比研究.md","source_archive/chapter30-第30章：ISP与GPU架构对比研究.md"
"31","第31章：ISP与视频编解码器架构对比","AI-ISP 与异构架构","中级 → 进阶","选修/按方向","lab11-异构性能与编码协同.md","study_chapters/chapter31-第31章：ISP与视频编解码器架构对比.md","source_archive/chapter31-第31章：ISP与视频编解码器架构对比.md"
"32","第32章：ISP的验证方法学","验证、实现、系统与趋势","中级 → 进阶","核心","lab12-验证部署与系统集成.md","study_chapters/chapter32-第32章：ISP的验证方法学.md","source_archive/chapter32-第32章：ISP的验证方法学.md"
"33","第33章：ISP的后端实现考虑","验证、实现、系统与趋势","中级 → 进阶","选修/按方向","lab12-验证部署与系统集成.md","study_chapters/chapter33-第33章：ISP的后端实现考虑.md","source_archive/chapter33-第33章：ISP的后端实现考虑.md"
"34","第34章：系统集成与优化","验证、实现、系统与趋势","中级 → 进阶","核心","lab12-验证部署与系统集成.md","study_chapters/chapter34-第34章：系统集成与优化.md","source_archive/chapter34-第34章：系统集成与优化.md"
"35","第35章：ISP技术发展趋势","验证、实现、系统与趋势","中级 → 进阶","选修/按方向","lab13-技术趋势证据卡.md","study_chapters/chapter35-第35章：ISP技术发展趋势.md","source_archive/chapter35-第35章：ISP技术发展趋势.md"
