id,elements,max_abs_error,mean_abs_error,rmse,psnr,status
pair_00001,786432,0.0,0.0,0.0,120.0,pass
pair_00002,786432,0.0,0.0,0.0,120.0,pass
pair_00003,786432,0.0,0.0,0.0,120.0,pass
pair_00004,786432,0.0,0.0,0.0,120.0,pass
pair_00005,786432,0.0,0.0,0.0,120.0,pass
pair_00006,786432,0.0,0.0,0.0,120.0,pass
pair_00007,786432,0.0,0.0,0.0,120.0,pass
pair_00008,786432,0.0,0.0,0.0,120.0,pass
pair_00009,786432,0.0,0.0,0.0,120.0,pass
pair_00010,786432,0.0,0.0,0.0,120.0,pass
pair_00011,786432,0.0,0.0,0.0,120.0,pass
pair_00012,786432,0.0,0.0,0.0,120.0,pass
pair_00013,786432,0.0,0.0,0.0,120.0,pass
pair_00014,786432,0.0,0.0,0.0,120.0,pass
pair_00015,786432,0.0,0.0,0.0,120.0,pass
pair_00016,786432,0.0,0.0,0.0,120.0,pass
pair_00017,786432,0.0,0.0,0.0,120.0,pass
pair_00018,786432,0.0,0.0,0.0,120.0,pass
pair_00019,786432,0.0,0.0,0.0,120.0,pass
pair_00020,786432,0.0,0.0,0.0,120.0,pass
