sample,mad_k,min_delta,injected_total,detected_total,true_positive,injected_recall,false_negative,extra_detection,extra_detection_fraction,mean_residual_after_repair_on_injected
T01_a0006-IMG_2787,6.0,256,64,9701,64,1.0,0,9637,0.009190559387207031,62.828125
T01_a0006-IMG_2787,12.0,256,64,7702,64,1.0,0,7638,0.0072841644287109375,62.828125
T01_a0006-IMG_2787,16.0,256,64,4245,64,1.0,0,4181,0.003987312316894531,62.828125
T01_a0006-IMG_2787,6.0,512,64,1644,64,1.0,0,1580,0.001506805419921875,62.828125
T01_a0006-IMG_2787,12.0,512,64,1644,64,1.0,0,1580,0.001506805419921875,62.828125
T01_a0006-IMG_2787,16.0,512,64,1644,64,1.0,0,1580,0.001506805419921875,62.828125
T01_a0006-IMG_2787,6.0,1024,64,169,64,1.0,0,105,0.00010013580322265625,62.828125
T01_a0006-IMG_2787,12.0,1024,64,169,64,1.0,0,105,0.00010013580322265625,62.828125
T01_a0006-IMG_2787,16.0,1024,64,169,64,1.0,0,105,0.00010013580322265625,62.828125
T01_a0006-IMG_2787,6.0,2048,64,68,64,1.0,0,4,3.814697265625e-06,62.828125
T01_a0006-IMG_2787,12.0,2048,64,68,64,1.0,0,4,3.814697265625e-06,62.828125
T01_a0006-IMG_2787,16.0,2048,64,68,64,1.0,0,4,3.814697265625e-06,62.828125
T02_a0008-WP_CRW_3959,6.0,256,64,65,64,1.0,0,1,9.5367431640625e-07,9.875
T02_a0008-WP_CRW_3959,12.0,256,64,65,64,1.0,0,1,9.5367431640625e-07,9.875
T02_a0008-WP_CRW_3959,16.0,256,64,65,64,1.0,0,1,9.5367431640625e-07,9.875
T02_a0008-WP_CRW_3959,6.0,512,64,64,64,1.0,0,0,0.0,9.875
T02_a0008-WP_CRW_3959,12.0,512,64,64,64,1.0,0,0,0.0,9.875
T02_a0008-WP_CRW_3959,16.0,512,64,64,64,1.0,0,0,0.0,9.875
T02_a0008-WP_CRW_3959,6.0,1024,64,64,64,1.0,0,0,0.0,9.875
T02_a0008-WP_CRW_3959,12.0,1024,64,64,64,1.0,0,0,0.0,9.875
T02_a0008-WP_CRW_3959,16.0,1024,64,64,64,1.0,0,0,0.0,9.875
T02_a0008-WP_CRW_3959,6.0,2048,64,64,64,1.0,0,0,0.0,9.875
T02_a0008-WP_CRW_3959,12.0,2048,64,64,64,1.0,0,0,0.0,9.875
T02_a0008-WP_CRW_3959,16.0,2048,64,64,64,1.0,0,0,0.0,9.875
T03_a0010-jmac_MG_4807,6.0,256,64,64,64,1.0,0,0,0.0,6.921875
T03_a0010-jmac_MG_4807,12.0,256,64,64,64,1.0,0,0,0.0,6.921875
T03_a0010-jmac_MG_4807,16.0,256,64,64,64,1.0,0,0,0.0,6.921875
T03_a0010-jmac_MG_4807,6.0,512,64,64,64,1.0,0,0,0.0,6.921875
T03_a0010-jmac_MG_4807,12.0,512,64,64,64,1.0,0,0,0.0,6.921875
T03_a0010-jmac_MG_4807,16.0,512,64,64,64,1.0,0,0,0.0,6.921875
T03_a0010-jmac_MG_4807,6.0,1024,64,64,64,1.0,0,0,0.0,6.921875
T03_a0010-jmac_MG_4807,12.0,1024,64,64,64,1.0,0,0,0.0,6.921875
T03_a0010-jmac_MG_4807,16.0,1024,64,64,64,1.0,0,0,0.0,6.921875
T03_a0010-jmac_MG_4807,6.0,2048,64,64,64,1.0,0,0,0.0,6.921875
T03_a0010-jmac_MG_4807,12.0,2048,64,64,64,1.0,0,0,0.0,6.921875
T03_a0010-jmac_MG_4807,16.0,2048,64,64,64,1.0,0,0,0.0,6.921875
T04_a0012-kme_143,6.0,256,64,1792,64,1.0,0,1728,0.00164794921875,20.1875
T04_a0012-kme_143,12.0,256,64,1792,64,1.0,0,1728,0.00164794921875,20.1875
T04_a0012-kme_143,16.0,256,64,1792,64,1.0,0,1728,0.00164794921875,20.1875
T04_a0012-kme_143,6.0,512,64,307,64,1.0,0,243,0.00023174285888671875,20.1875
T04_a0012-kme_143,12.0,512,64,307,64,1.0,0,243,0.00023174285888671875,20.1875
T04_a0012-kme_143,16.0,512,64,307,64,1.0,0,243,0.00023174285888671875,20.1875
T04_a0012-kme_143,6.0,1024,64,116,64,1.0,0,52,4.9591064453125e-05,20.1875
T04_a0012-kme_143,12.0,1024,64,116,64,1.0,0,52,4.9591064453125e-05,20.1875
T04_a0012-kme_143,16.0,1024,64,116,64,1.0,0,52,4.9591064453125e-05,20.1875
T04_a0012-kme_143,6.0,2048,64,69,64,1.0,0,5,4.76837158203125e-06,20.1875
T04_a0012-kme_143,12.0,2048,64,69,64,1.0,0,5,4.76837158203125e-06,20.1875
T04_a0012-kme_143,16.0,2048,64,69,64,1.0,0,5,4.76837158203125e-06,20.1875
T05_a0014-WP_CRW_6320,6.0,256,64,1899,64,1.0,0,1835,0.0017499923706054688,27.578125
T05_a0014-WP_CRW_6320,12.0,256,64,1899,64,1.0,0,1835,0.0017499923706054688,27.578125
T05_a0014-WP_CRW_6320,16.0,256,64,1899,64,1.0,0,1835,0.0017499923706054688,27.578125
T05_a0014-WP_CRW_6320,6.0,512,64,167,64,1.0,0,103,9.822845458984375e-05,27.578125
T05_a0014-WP_CRW_6320,12.0,512,64,167,64,1.0,0,103,9.822845458984375e-05,27.578125
T05_a0014-WP_CRW_6320,16.0,512,64,167,64,1.0,0,103,9.822845458984375e-05,27.578125
T05_a0014-WP_CRW_6320,6.0,1024,64,65,63,0.984375,1,2,1.9073486328125e-06,40.21875
T05_a0014-WP_CRW_6320,12.0,1024,64,65,63,0.984375,1,2,1.9073486328125e-06,40.21875
T05_a0014-WP_CRW_6320,16.0,1024,64,65,63,0.984375,1,2,1.9073486328125e-06,40.21875
T05_a0014-WP_CRW_6320,6.0,2048,64,61,61,0.953125,3,0,0.0,100.6875
T05_a0014-WP_CRW_6320,12.0,2048,64,61,61,0.953125,3,0,0.0,100.6875
T05_a0014-WP_CRW_6320,16.0,2048,64,61,61,0.953125,3,0,0.0,100.6875
T06_a0018-kme_234,6.0,256,64,159,64,1.0,0,95,9.059906005859375e-05,20.671875
T06_a0018-kme_234,12.0,256,64,159,64,1.0,0,95,9.059906005859375e-05,20.671875
T06_a0018-kme_234,16.0,256,64,159,64,1.0,0,95,9.059906005859375e-05,20.671875
T06_a0018-kme_234,6.0,512,64,64,64,1.0,0,0,0.0,20.671875
T06_a0018-kme_234,12.0,512,64,64,64,1.0,0,0,0.0,20.671875
T06_a0018-kme_234,16.0,512,64,64,64,1.0,0,0,0.0,20.671875
T06_a0018-kme_234,6.0,1024,64,64,64,1.0,0,0,0.0,20.671875
T06_a0018-kme_234,12.0,1024,64,64,64,1.0,0,0,0.0,20.671875
T06_a0018-kme_234,16.0,1024,64,64,64,1.0,0,0,0.0,20.671875
T06_a0018-kme_234,6.0,2048,64,64,64,1.0,0,0,0.0,20.671875
T06_a0018-kme_234,12.0,2048,64,64,64,1.0,0,0,0.0,20.671875
T06_a0018-kme_234,16.0,2048,64,64,64,1.0,0,0,0.0,20.671875
T07_a0020-jmac_MG_6225,6.0,256,64,6331,64,1.0,0,6267,0.005976676940917969,35.4375
T07_a0020-jmac_MG_6225,12.0,256,64,6331,64,1.0,0,6267,0.005976676940917969,35.4375
T07_a0020-jmac_MG_6225,16.0,256,64,4026,64,1.0,0,3962,0.0037784576416015625,35.4375
T07_a0020-jmac_MG_6225,6.0,512,64,685,64,1.0,0,621,0.0005922317504882812,35.4375
T07_a0020-jmac_MG_6225,12.0,512,64,685,64,1.0,0,621,0.0005922317504882812,35.4375
T07_a0020-jmac_MG_6225,16.0,512,64,685,64,1.0,0,621,0.0005922317504882812,35.4375
T07_a0020-jmac_MG_6225,6.0,1024,64,100,64,1.0,0,36,3.4332275390625e-05,35.4375
T07_a0020-jmac_MG_6225,12.0,1024,64,100,64,1.0,0,36,3.4332275390625e-05,35.4375
T07_a0020-jmac_MG_6225,16.0,1024,64,100,64,1.0,0,36,3.4332275390625e-05,35.4375
T07_a0020-jmac_MG_6225,6.0,2048,64,65,64,1.0,0,1,9.5367431640625e-07,35.4375
T07_a0020-jmac_MG_6225,12.0,2048,64,65,64,1.0,0,1,9.5367431640625e-07,35.4375
T07_a0020-jmac_MG_6225,16.0,2048,64,65,64,1.0,0,1,9.5367431640625e-07,35.4375
T08_a0022-IMG_2380,6.0,256,64,40987,64,1.0,0,40923,0.03902721405029297,125.625
T08_a0022-IMG_2380,12.0,256,64,20981,64,1.0,0,20917,0.01994800567626953,125.625
T08_a0022-IMG_2380,16.0,256,64,15552,64,1.0,0,15488,0.0147705078125,125.625
T08_a0022-IMG_2380,6.0,512,64,24349,64,1.0,0,24285,0.02315998077392578,125.625
T08_a0022-IMG_2380,12.0,512,64,18909,64,1.0,0,18845,0.01797199249267578,125.625
T08_a0022-IMG_2380,16.0,512,64,15089,64,1.0,0,15025,0.014328956604003906,125.625
T08_a0022-IMG_2380,6.0,1024,64,10973,64,1.0,0,10909,0.010403633117675781,125.625
T08_a0022-IMG_2380,12.0,1024,64,10973,64,1.0,0,10909,0.010403633117675781,125.625
T08_a0022-IMG_2380,16.0,1024,64,10973,64,1.0,0,10909,0.010403633117675781,125.625
T08_a0022-IMG_2380,6.0,2048,64,4829,64,1.0,0,4765,0.004544258117675781,125.625
T08_a0022-IMG_2380,12.0,2048,64,4829,64,1.0,0,4765,0.004544258117675781,125.625
T08_a0022-IMG_2380,16.0,2048,64,4829,64,1.0,0,4765,0.004544258117675781,125.625
T09_a0023-07-06-02-at-15h06m48-s_MG_1489,6.0,256,64,104,64,1.0,0,40,3.814697265625e-05,9.328125
T09_a0023-07-06-02-at-15h06m48-s_MG_1489,12.0,256,64,104,64,1.0,0,40,3.814697265625e-05,9.328125
T09_a0023-07-06-02-at-15h06m48-s_MG_1489,16.0,256,64,104,64,1.0,0,40,3.814697265625e-05,9.328125
T09_a0023-07-06-02-at-15h06m48-s_MG_1489,6.0,512,64,77,64,1.0,0,13,1.239776611328125e-05,9.328125
T09_a0023-07-06-02-at-15h06m48-s_MG_1489,12.0,512,64,77,64,1.0,0,13,1.239776611328125e-05,9.328125
T09_a0023-07-06-02-at-15h06m48-s_MG_1489,16.0,512,64,77,64,1.0,0,13,1.239776611328125e-05,9.328125
T09_a0023-07-06-02-at-15h06m48-s_MG_1489,6.0,1024,64,64,64,1.0,0,0,0.0,9.328125
T09_a0023-07-06-02-at-15h06m48-s_MG_1489,12.0,1024,64,64,64,1.0,0,0,0.0,9.328125
T09_a0023-07-06-02-at-15h06m48-s_MG_1489,16.0,1024,64,64,64,1.0,0,0,0.0,9.328125
T09_a0023-07-06-02-at-15h06m48-s_MG_1489,6.0,2048,64,64,64,1.0,0,0,0.0,9.328125
T09_a0023-07-06-02-at-15h06m48-s_MG_1489,12.0,2048,64,64,64,1.0,0,0,0.0,9.328125
T09_a0023-07-06-02-at-15h06m48-s_MG_1489,16.0,2048,64,64,64,1.0,0,0,0.0,9.328125
T10_a0026-kme_391,6.0,256,64,1919,64,1.0,0,1855,0.0017690658569335938,3.9375
T10_a0026-kme_391,12.0,256,64,1919,64,1.0,0,1855,0.0017690658569335938,3.9375
T10_a0026-kme_391,16.0,256,64,1919,64,1.0,0,1855,0.0017690658569335938,3.9375
T10_a0026-kme_391,6.0,512,64,1222,64,1.0,0,1158,0.0011043548583984375,3.9375
T10_a0026-kme_391,12.0,512,64,1222,64,1.0,0,1158,0.0011043548583984375,3.9375
T10_a0026-kme_391,16.0,512,64,1222,64,1.0,0,1158,0.0011043548583984375,3.9375
T10_a0026-kme_391,6.0,1024,64,586,64,1.0,0,522,0.0004978179931640625,3.9375
T10_a0026-kme_391,12.0,1024,64,586,64,1.0,0,522,0.0004978179931640625,3.9375
T10_a0026-kme_391,16.0,1024,64,586,64,1.0,0,522,0.0004978179931640625,3.9375
T10_a0026-kme_391,6.0,2048,64,188,64,1.0,0,124,0.000118255615234375,3.9375
T10_a0026-kme_391,12.0,2048,64,188,64,1.0,0,124,0.000118255615234375,3.9375
T10_a0026-kme_391,16.0,2048,64,188,64,1.0,0,124,0.000118255615234375,3.9375
T11_a0033-KE_-2590,6.0,256,64,76,64,1.0,0,12,1.1444091796875e-05,14.21875
T11_a0033-KE_-2590,12.0,256,64,76,64,1.0,0,12,1.1444091796875e-05,14.21875
T11_a0033-KE_-2590,16.0,256,64,76,64,1.0,0,12,1.1444091796875e-05,14.21875
T11_a0033-KE_-2590,6.0,512,64,64,64,1.0,0,0,0.0,14.21875
T11_a0033-KE_-2590,12.0,512,64,64,64,1.0,0,0,0.0,14.21875
T11_a0033-KE_-2590,16.0,512,64,64,64,1.0,0,0,0.0,14.21875
T11_a0033-KE_-2590,6.0,1024,64,64,64,1.0,0,0,0.0,14.21875
T11_a0033-KE_-2590,12.0,1024,64,64,64,1.0,0,0,0.0,14.21875
T11_a0033-KE_-2590,16.0,1024,64,64,64,1.0,0,0,0.0,14.21875
T11_a0033-KE_-2590,6.0,2048,64,64,64,1.0,0,0,0.0,14.21875
T11_a0033-KE_-2590,12.0,2048,64,64,64,1.0,0,0,0.0,14.21875
T11_a0033-KE_-2590,16.0,2048,64,64,64,1.0,0,0,0.0,14.21875
T12_a0034-LSYD4O2202,6.0,256,64,20222,64,1.0,0,20158,0.019224166870117188,50.828125
T12_a0034-LSYD4O2202,12.0,256,64,20222,64,1.0,0,20158,0.019224166870117188,50.828125
T12_a0034-LSYD4O2202,16.0,256,64,20222,64,1.0,0,20158,0.019224166870117188,50.828125
T12_a0034-LSYD4O2202,6.0,512,64,3639,64,1.0,0,3575,0.0034093856811523438,50.828125
T12_a0034-LSYD4O2202,12.0,512,64,3639,64,1.0,0,3575,0.0034093856811523438,50.828125
T12_a0034-LSYD4O2202,16.0,512,64,3639,64,1.0,0,3575,0.0034093856811523438,50.828125
T12_a0034-LSYD4O2202,6.0,1024,64,271,64,1.0,0,207,0.00019741058349609375,50.828125
T12_a0034-LSYD4O2202,12.0,1024,64,271,64,1.0,0,207,0.00019741058349609375,50.828125
T12_a0034-LSYD4O2202,16.0,1024,64,271,64,1.0,0,207,0.00019741058349609375,50.828125
T12_a0034-LSYD4O2202,6.0,2048,64,63,63,0.984375,1,0,0.0,81.703125
T12_a0034-LSYD4O2202,12.0,2048,64,63,63,0.984375,1,0,0.0,81.703125
T12_a0034-LSYD4O2202,16.0,2048,64,63,63,0.984375,1,0,0.0,81.703125
T13_a0035-dgw_048,6.0,256,64,14216,64,1.0,0,14152,0.01349639892578125,54.96875
T13_a0035-dgw_048,12.0,256,64,14216,64,1.0,0,14152,0.01349639892578125,54.96875
T13_a0035-dgw_048,16.0,256,64,14216,64,1.0,0,14152,0.01349639892578125,54.96875
T13_a0035-dgw_048,6.0,512,64,5549,64,1.0,0,5485,0.005230903625488281,54.96875
T13_a0035-dgw_048,12.0,512,64,5549,64,1.0,0,5485,0.005230903625488281,54.96875
T13_a0035-dgw_048,16.0,512,64,5549,64,1.0,0,5485,0.005230903625488281,54.96875
T13_a0035-dgw_048,6.0,1024,64,1819,64,1.0,0,1755,0.0016736984252929688,54.96875
T13_a0035-dgw_048,12.0,1024,64,1819,64,1.0,0,1755,0.0016736984252929688,54.96875
T13_a0035-dgw_048,16.0,1024,64,1819,64,1.0,0,1755,0.0016736984252929688,54.96875
T13_a0035-dgw_048,6.0,2048,64,471,64,1.0,0,407,0.00038814544677734375,54.96875
T13_a0035-dgw_048,12.0,2048,64,471,64,1.0,0,407,0.00038814544677734375,54.96875
T13_a0035-dgw_048,16.0,2048,64,471,64,1.0,0,407,0.00038814544677734375,54.96875
T14_a0040-_DSC5693,6.0,256,64,85508,64,1.0,0,85444,0.08148574829101562,91.578125
T14_a0040-_DSC5693,12.0,256,64,85508,64,1.0,0,85444,0.08148574829101562,91.578125
T14_a0040-_DSC5693,16.0,256,64,85508,64,1.0,0,85444,0.08148574829101562,91.578125
T14_a0040-_DSC5693,6.0,512,64,44334,64,1.0,0,44270,0.04221916198730469,91.578125
T14_a0040-_DSC5693,12.0,512,64,44334,64,1.0,0,44270,0.04221916198730469,91.578125
T14_a0040-_DSC5693,16.0,512,64,44334,64,1.0,0,44270,0.04221916198730469,91.578125
T14_a0040-_DSC5693,6.0,1024,64,15072,64,1.0,0,15008,0.014312744140625,91.578125
T14_a0040-_DSC5693,12.0,1024,64,15072,64,1.0,0,15008,0.014312744140625,91.578125
T14_a0040-_DSC5693,16.0,1024,64,15072,64,1.0,0,15008,0.014312744140625,91.578125
T14_a0040-_DSC5693,6.0,2048,64,3262,64,1.0,0,3198,0.0030498504638671875,91.578125
T14_a0040-_DSC5693,12.0,2048,64,3262,64,1.0,0,3198,0.0030498504638671875,91.578125
T14_a0040-_DSC5693,16.0,2048,64,3262,64,1.0,0,3198,0.0030498504638671875,91.578125
